priority,type,site,page,contact,angle,status,notes
1,guest_post,DiseaseFix,https://www.diseasefix.com/write-for-us/,contact@diseasefix.com,"Safety-first article: How to verify peptide COA and HPLC reports before buying online in India",not_contacted,"Accepts health/fitness/wellness topics; minimum 750 words; asks for original content and one image."
1,guest_post,Digitalet,https://digitalet.net/write-for-us-health-health-write-for-us/,editor@digitalet.net,"Educational article: COA verified peptides in India - what buyers should check before ordering",not_contacted,"Allows one do-follow backlink in author bio; accepts health, fitness, nutrition, healthcare trends."
1,guest_post,Health4FitnessBlog,https://www.health4fitnessblog.com/write-for-us/,contact@health4fitnessblog.com,"Fitness recovery article: what HPLC verification means for peptide buyers",not_contacted,"Accepts health, fitness, nutrition articles; minimum 600 words."
1,guest_post,Heroveda,https://www.heroveda.com/write-for-us/,form_on_page,"India wellness article: buying peptides online safely - COA, storage, and legal checks",not_contacted,"Accepts Indian health/wellness contributors; mentions two do-follow backlinks and form submission."
2,guest_post,Plus100Years,https://www.plus100years.com/write-for-us-health-and-nutrition/,form_on_page,"Longevity article: how to compare peptide suppliers in India without relying on claims",not_contacted,"India wellness site; page says health/nutrition guest posts and do-follow backlink."
2,guest_post,GreyHealthyPeople,https://www.greyhealthypeople.com/write-for-us/,greyhealthypeopleblog@gmail.com,"Supplement quality checklist: COA, purity, shipping and storage",not_contacted,"Accepts health, fitness, bodybuilding, supplements and sponsored posts per indexed page."
2,guest_post,Health Review Board,https://healthreviewboard.com/,healthreviewb@gmail.com,"Health product buyer guide: how to verify lab-tested peptides online",not_contacted,"Open blogging/guest posting page found in search; verify editorial quality before payment."
2,guest_post,Nutrition of Energy,https://nutritionofenergy.com/write-for-us/,form_on_page,"Bodybuilding supplement quality: why third-party verification matters",not_contacted,"Accepts health, bodybuilding, nutrition, fitness diet and supplement topics."
3,community,Reddit r/IndianGymRats,https://www.reddit.com/r/IndianGymRats/,manual_comment,"Answer only when someone asks for peptide sources; disclose brand affiliation",not_contacted,"Do not spam links. Useful for brand mentions and referral traffic if genuinely helpful."
3,community,Reddit r/Fitness_India,https://www.reddit.com/r/Fitness_India/,manual_comment,"Educational comments on COA/HPLC checks; link only if rules allow",not_contacted,"High risk of removal if promotional. Use only transparent, helpful responses."
3,community,Reddit r/indianfitness,https://www.reddit.com/r/indianfitness/,manual_comment,"Source recommendation threads; answer with safety checklist first",not_contacted,"Use branded/naked URL sparingly. Avoid exact-match anchor spam."
3,competitor_gap,Peptigrid,https://peptigrid.com/,research_only,"Review backlink/mention opportunities around comparison articles",research,"Competitor ranking for buy peptides India; use for angle ideas, not outreach."
3,competitor_gap,Core Peptides India,https://www.corepeptides.in/,research_only,"Review content topics and category structure",research,"Competitor ranking for Indian peptide queries."
3,competitor_gap,PeptideLabs India,https://peptidelabs.in/,research_only,"Review quality/testing messaging and potential listicle targets",research,"Competitor visible for India peptide queries."
